,1st Submission,2nd Submission,3rd Submission,4th Submission,5th Submission,6th Submission,7th Submission,8th Submission,9th Submission,10th Submission,11th Submission,12th Submission,Global IR,Average Win,Monthly_STD,Unique_Submissions,Rank,AII
bbb3c357,-2.588285599379546,9.64471427933583,-1.874539218218113,4.488847259181257,-0.8956185417181742,-3.962760688344982,-4.049134717593322,5.738031853038347,9.854987135872237,4.1816991068782,0.07932547281503993,-4.242370445407891,32.88981456696906,1.36457465803824,5.217767718888289,12,1,0.0
f8fbd1bf,4.330196403608609,-0.7881274182361411,6.090779151457858,-0.007528382442677862,1.665625655948286,6.647145189048676,5.54841721648872,4.041494519829343,-0.1017014473755538,-5.782532939441333,2.558558575795109,-2.006039934798073,28.65539202087109,1.849690549156902,3.7356883225533846,12,2,0.0
ccb2bfb9,1.654273548679413,0.5670919552921002,4.403668894763642,-0.7711421897680627,4.87429346533077,3.254712833541236,2.678721334005542,-2.461474430271627,9.274874609987435,-0.3302461931228486,-3.246150209408694,6.870617390036399,24.72014583144113,2.230770084088775,3.751250520061512,12,3,0.0
9b7bb959,4.251966161677656,9.192864602375124,-2.279408829430935,3.514324707968443,-1.485152510645505,5.37850642648873,9.021325946959777,5.751035677254513,6.345457393959083,-3.600408901085676,0.589294089180036,-4.591483495909966,21.53685399881584,2.674026772399273,4.810770426114964,12,4,0.0
872bdbc9,4.390187225251546,2.631862853082964,-0.2863541040323972,-2.764337864422341,-5.512452839173124,0.1269484336731118,1.218761694957836,3.027980109632918,3.527094308115066,8.19390242610622,-5.894614370616297,2.748586707989713,17.94236148624983,0.9506303817137681,4.112271717886023,2,5,7.0710678118654755
cd597d34,4.0693238620079,-5.916551951767215,1.32219655014689,-4.040618147127077,0.3602115082852576,6.622275476202194,-5.175483152056184,4.620358661470151,7.887618214081157,0.04102035529713791,0.6414484784330163,5.171142098051106,13.79121335757864,1.3002451627520275,4.580969805634487,12,6,0.0
7589718c,-6.052032096097414,4.332434868327322,-0.4029164908578957,1.088994545880174,-0.3800671209428467,-5.168021777306911,3.991728789265385,7.766585511308566,3.157701390955506,-4.945088500729893,0.7717954301981587,4.424445810140061,12.47064009154358,0.7154633633450178,4.351652746785657,4,7,3.1622776601683795
2b8b032c,5.163440895980393,-4.502841232972498,2.478976277660355,1.942706134462204,-2.846535556233883,1.831896929128843,3.003959125680749,-2.780225691861634,9.127240426203771,3.509832431239379,3.280760288699578,-2.734365817019602,12.30573571220826,1.456237017580638,3.971331799671001,5,8,2.7202941017470885
787d2872,2.03154827453612,-4.981312982515291,0.9838025759766298,-1.308464915543545,3.512872176192417,4.082129831233781,-2.644652952386335,-4.091885775209686,8.19799168777997,-0.5855785305106259,0.2873593757315241,9.10118840726604,10.76497477734337,1.2154164310459166,4.442559860341575,1,9,11.0
b4dd7019,5.087419777422613,0.7558078684132848,0.9745196000469879,0.006686610508478973,-1.344531950766582,5.451028289568328,-9.130035388258387,-5.322918756987292,4.980783568521129,-0.5507271686752534,1.099776138800971,-2.378276496890791,8.883551239154745,-0.03087232569137599,4.291440522798939,11,10,0.31622776601683794
917cb964,-1.622678982983451,3.667737913160509,3.045699152003138,-1.702566410747536,-0.3208469785477253,3.238549462310337,8.878224641124968,8.182796203893577,-1.89553891678803,1.58929876228573,-3.272828440339588,-8.760293572329333,7.645336866585782,0.9189627360868827,4.936614167031827,3,11,3.3166247903554
6954b3b1,3.208928725354763,-4.548315736278917,0.89411543924448,-0.6356738488378407,5.029999723349031,-5.692920866562043,-1.496957645221935,-2.165541586272111,5.362022772539767,8.419618496847376,-0.4051840566284369,1.686676064432565,7.255552446853841,0.8047306234972247,4.174683859782423,11,12,0.31622776601683794
b17cd734,4.583581166880871,-5.086275654345345,1.017761717392321,-5.703695380418377,1.663345399577762,5.480681577048049,-3.078863527971031,-0.8975549334158901,1.902788769794495,6.613968918522916,0.4295072443076093,3.667361392372085,6.786278831638454,0.8827172241454554,3.990738366862213,3,13,5.196152422706632
b3bbdb72,-0.9895076866886658,-2.270515007443798,6.586252097145438,-3.903254321987798,-0.2725519706589636,2.833387664394525,11.44397006137535,5.594117745940589,2.792058578191592,-0.4190165859996616,-5.688716161451993,-4.125050894999264,6.616425235384207,0.9650977931514461,5.056779307892384,4,14,2.7386127875258306
7830dcbb,-2.86232807028817,-1.292168980481662,9.339047847651045,-9.180586913536946,2.903635058858064,6.514393979801182,-2.944337113653673,-0.9188791479059596,5.549465247625962,-6.357715195986303,-0.1768517151494987,5.339869228185035,6.61544083352267,0.49279535209325626,5.548086637283245,5,15,3.1304951684997055
48cf320f,2.280084729506861,2.713508597045057,-7.239097207162843,4.900863668435312,6.828005894016382,-3.399050144056302,-2.495060090494209,2.215798645153133,-5.660384616331333,-3.593024286893868,0.1792477314744321,8.077658338820713,6.606884339389337,0.4007126049594447,4.923033318729867,1,16,11.0
1d3cd369,4.318457419356524,-6.642880970042311,-2.117478515907348,-7.63317809159077,-2.675026958169352,5.604354586369642,-6.2264315050646,-1.862955942683421,5.815170728557051,-2.4668364913261,4.299230069839751,6.659631772426081,6.153598678307173,-0.24399532485290454,5.294515529290467,11,17,0.30151134457776363
08986844,6.593952296067319,-1.436589239260987,-0.0375320008518781,-1.759097255937141,0.1175582422681077,6.032845283105653,-4.396984333965323,-3.264535082476701,3.996988270685263,-1.418779565957396,-0.2199522617266612,6.367114669780136,6.086793962641956,0.8812490851441993,3.864732256134962,2,18,6.4031242374328485
cf2d56c6,3.266600738318569,-4.775657440186809,-6.722923287678608,-6.555695658142558,-1.091906961737921,6.725453623161494,-2.151296732104865,-0.1345500325395849,-1.594647841581047,0.9265611960117849,4.800937450297939,7.935112329725414,4.533429331069593,0.052332281961984174,4.881376086885822,12,19,0.0
d50c10cd,2.943381369006259,-2.771560551986593,3.558016140172995,-2.593212345029018,-3.114829820806639,5.992512539682099,2.656593938772095,3.167460401286385,-3.302940192944761,-5.67850798798708,3.638790852540245,-10.14446319806882,4.487458412955922,-0.4707299046135694,4.81549297592574,12,20,0.0
916fdfd9,-1.484137121845603,3.09241539288926,3.708537534841346,-2.524944457838734,-2.534840816628182,1.748623964013296,7.388728598423435,6.733020506046998,-1.801328431000438,2.075668002939662,-2.038379742111738,-6.127474456286293,4.092423879772977,0.6863240811202506,4.099954526561967,4,21,2.7386127875258306
38c7fc7b,3.769006179203985,-5.630868707864394,-6.517829736820941,-4.233154123184786,-0.1535010039356887,-0.2462925916354021,5.261138073987584,0.3126182763043698,-3.546277415765363,3.38355626747627,0.9296813150351397,1.147699182469218,3.717547799256029,-0.46035202372750067,3.7879988044632396,12,22,0.0
d252b0cc,1.94857014118527,-5.658445629679565,1.80335555229315,-0.92156688509166,-2.499522798512735,-5.142824826879115,3.533535626030925,-0.1159653397632064,-1.072197217022881,4.26370303016678,0.5394262140461845,4.007218818711525,3.716068633853358,0.057107223790389385,3.3132010283179776,7,23,1.0
cd4803dc,-0.4475816624730198,-2.470070357913162,9.88283764445317,-3.173821792681089,-3.767908433892249,0.4477334874538834,11.23262068768294,4.927476001242918,0.9116719402634628,-2.539489548712883,-0.3972217130919814,-7.100721615529562,3.69113749087118,0.6254603864002024,5.494281036594725,4,24,2.7386127875258306
d9bc9425,6.258161508560424,-4.52965538117133,0.9870274105674244,-3.964941188823015,1.518033104521589,6.270067863931605,-4.756705266366632,-3.76672141252498,5.704146085429352,-0.5464151722322449,0.5363526468595905,5.340033237894651,3.610024093200552,0.7541152863872028,4.365413222769588,2,25,7.0710678118654755
bc9c8c4c,-2.472852410959995,3.683326209666349,6.344686173667839,-3.003265786530792,-1.751637044744495,2.00242300291154,1.80981157241585,5.535375903870426,3.245235731826934,-8.398474707397797,0.6544611078310458,-5.548928229628481,3.0571992159438,0.1750134602440352,4.491077753359767,1,26,11.0
87852799,2.144835524281625,-4.166373365423277,4.693834203595217,-4.248623776880764,-0.09442235906241452,10.19574140230422,-4.258373554880794,-4.260656353356718,5.277136569226012,0.9611312866767369,2.626560982457876,2.669023256746528,2.950127373866683,0.9616511513070204,4.6121188427081385,2,27,7.0710678118654755
dd543bd7,3.09656286383187,-1.699358682209477,-1.508649951643298,-1.521125708961798,-2.221115667860006,9.444531505065644,-4.602780827032243,-0.9081667149224005,6.620862008031092,-0.6636281345628207,0.6362084973776485,0.1096003532154809,2.685877478856571,0.565244961694141,3.977987442308285,11,28,0.31622776601683794
5004c81c,-1.935419034566362,6.427136747314508,5.397909732510782,-4.857871930232983,-1.77421109334269,4.686363518771008,0.354476157843184,2.504552018587598,3.455237139306386,-11.02329930701533,3.928895823919256,-4.013239052870762,2.256530788593206,0.2625442266853828,5.165140961844957,3,29,5.1478150704935
59405297,-0.7507917204530016,2.404575072170186,-0.0927629069942709,-5.022490578154888,4.617347696867226,-0.909117380090578,-5.194771917736394,-6.456576671511026,6.599166848644614,4.391998525839734,0.2146379069179093,6.057168061085814,2.231325883936399,0.488198578048777,4.463112164133179,2,30,6.4031242374328485
5ff2c089,3.97717029477931,-5.874973157315409,0.5040980575231353,-3.126751343969646,1.790929451912434,5.88231382331396,-5.968387490519833,-5.447100645220202,6.793216996121441,0.4842838627633542,0.1849452292203376,6.277492106198279,2.066869364644196,0.45643643206726336,4.736597456982229,2,31,7.0710678118654755
d874631c,3.414541505692169,-5.616240785240924,-0.237041155303967,-1.819472483809768,2.231092982203062,5.38429347644743,-5.501705905514124,-4.639018455268947,7.443840486881341,0.1405908163869714,0.1158524368340593,6.917749052497239,1.747086853383119,0.6528734976503785,4.577711319588882,4,32,2.345207879911715
b57b89cd,0.2590690877115432,1.158598571286638,-0.2983699614108323,1.994407022568539,1.490300484420288,-3.451424703160383,6.916180801222238,5.481630529324043,-5.096530474819503,0.7999685009008921,-1.556232678406902,-5.669433524133777,1.608659209632357,0.1690136379585654,3.793863842349054,3,33,5.196152422706632
71b47b97,4.424861073816639,-7.47429247336806,1.632060478430498,-4.207025779697292,0.210363816785492,5.099283812168068,-5.274901443240487,-4.658966580697055,7.787921223171591,0.9398346518998419,1.167461571164947,5.258788392894302,1.386345392462643,0.4087823952773737,4.861090650695596,6,34,2.0816659994661326
d5c78bbc,3.990356460973254,-4.201788115857446,-0.632863577108167,-3.356774004033771,1.879267306070036,9.536175428317987,-5.430989427825177,-4.319639331177959,4.969776824709271,0.2238750702914507,0.5982658093401654,4.166323843197207,1.372371566629952,0.6184988572414043,4.530162766934681,2,35,7.0710678118654755
db21f28b,4.553316572820772,-3.930433915655664,1.823401718440069,-3.915427636144555,1.841188218364118,5.123267365192248,-3.347104022802431,-0.4462952399400161,3.649040075702249,-6.638363446811193,0.0599226356827516,3.543823007751276,1.301078077644166,0.19302794438330195,3.8773821395898715,12,36,0.0
9ddb66b4,2.777704206508072,-7.484873374684636,0.7519948604734102,-3.621044116248995,0.706077252759919,6.676454599679452,-5.20669263844753,-4.417791654368192,7.485440393035023,-0.5099713085638493,0.6489952153074869,4.778066070891494,1.287364880402464,0.21536329219513797,4.7491910498340655,4,37,4.0
3cd1929f,3.799719054324346,-5.709862791970262,1.354126806424936,-3.665030821088755,0.4179809596940346,5.729213606708051,-4.976754224996006,-4.382849328769753,7.163360543326395,-0.5847786719889084,0.7749214936254424,5.692208214251878,1.260550574800915,0.4676879032951165,4.485483759832319,1,38,11.0
3d227c13,3.224851966441034,-2.853304802170184,-1.252949840042694,-4.120469023187478,0.5223153205068977,4.087435683194099,-3.443688037020007,-5.116453454386809,6.540533088698132,2.680937047235033,-1.350613843950988,9.134801930931626,1.258428904489145,0.6711163363540552,4.4917721623503795,1,39,11.0
8c90882c,3.93618914469516,-5.687198582923203,1.234063270622345,-4.407607738971667,1.139087177336735,6.34392796760512,-4.986264910540885,-4.736802858756253,8.830294231894731,1.197072963652505,0.5806710372290894,3.351020191933685,1.148756357239684,0.566204324481447,4.717061475644817,7,40,1.889822365046136
f250dfc3,0.175664248683147,-4.153267293748169,-8.703674528287678,9.455672688829091,3.204217546996894,-1.855534225044969,6.016421086038993,7.689251482713925,-8.177974625445042,-6.73778096391925,0.00158830067547642,3.440855119380875,1.120453041416002,0.02961990307277455,6.146558767720893,11,41,0.31622776601683794
b1002bc9,3.930585129876121,-4.903867023913926,1.434469995173999,-3.447145980757352,1.413209883151165,5.772148208251703,-4.493221917338871,-4.279391287643304,6.583477182686277,-0.4045338615008125,0.04747401722498017,4.417522426053044,0.9174304307677076,0.5058938976052519,4.125381028502865,12,42,0.0
b3d7dbc2,4.931421927517202,-3.527457699366089,0.4220882529353241,-4.339773961837046,0.2468601635817975,5.046276307699466,-4.363494592950944,-4.528593011854325,8.058889408581946,-0.8147851544275652,0.9327706538312107,3.719703056099163,0.6845679926439708,0.4819921124841782,4.246664887486611,6,43,2.0816659994661326
5fc3bcc4,4.218158949259903,-6.02301223104446,1.266779620950079,-4.138886891126112,0.5797102148389843,6.062712921648574,-5.277724304560037,-4.838083647581308,7.833139644439822,-0.01444760686116149,0.5657463385443431,5.122556013198951,0.6815125036869529,0.4463874184756316,4.735613902832154,4,44,3.5355339059327378
9bf7ccb3,4.382226618735823,-5.552296873540582,1.064846633039266,-4.801862390938175,0.5074172167120439,6.845088554702231,-5.320799777763889,-4.737762117757411,7.997927485279275,0.4846857528545638,0.9120130310210464,5.116978087436103,0.6461447902053494,0.574871851648358,4.855596268050595,1,45,11.0
d707cb75,4.029996129727945,-4.176801342326177,-0.8779299894245021,-2.578790197088992,2.10584944305645,6.929587309257612,-2.765224389728108,-5.398684089723263,3.48444058573685,-9.534163101711098,1.662180803988746,5.571731088401263,0.5538061756666968,-0.12898397915277285,4.926758831072552,12,46,0.0
Benchmark,3.990356460973254,-5.972217322696254,1.214532036337562,-4.138886891126112,0.5773235167057721,6.060059749122475,-5.272997107254333,-4.834453883606936,7.838877206432673,-0.01729695379491345,0.5700101716406804,5.121813571867505,0.4534698057912087,0.42809337955011434,4.712043373152606,1,47,0.0
1bdff261,3.915751976431727,-5.95773364457496,1.17994416016834,-4.090601471176615,0.6340227182730386,6.071535989444703,-5.299239838242094,-4.859162455867082,7.824912836530149,-0.1175976290450074,0.5283967942566856,5.169406006445945,0.4074845195666529,0.416636286887069,4.710471422446773,1,48,11.0
39b9b3b1,3.967227223042081,-6.161302864847628,1.209742786696764,-3.732850892714981,0.3530647621672326,5.492887829330669,-5.429756349230839,-4.676583707217449,8.369283878357388,-0.5254214469505936,0.8376862648654919,5.610781474585882,0.3609090116240664,0.44289657984033476,4.7758582060332735,2,49,7.0710678118654755
dcc0145b,5.188353158215891,-4.412884746297875,1.288799998571517,-4.423307911642581,1.007246321291297,6.918105956043663,-4.334318814365083,-2.273172380057634,6.722669655220598,-2.998820648894745,0.07840899449652092,1.631378276278083,0.2977165868479981,0.36603815490497094,4.217868208627426,2,50,7.0710678118654755
cfd8f183,3.227421885763305,-6.789032203053738,-0.1027502886139725,5.780599651948792,-0.409759988284836,-2.216734510391735,1.914793571682701,-6.228512094706456,2.364646652530369,0.5402243657509266,-1.228807185084858,0.8968093299002737,0.1380814976248033,-0.18759173437993573,3.6338191158969955,12,51,0.0
fb07c974,4.750765481507721,-3.270648646743346,1.270900671992174,0.1872738014020587,0.9047139762020373,8.71727011064114,-6.039878514909166,-6.183540799201602,4.92600034278386,-0.9207227891221961,-2.708725415598119,0.947265137101132,0.06821407910180995,0.2150561130046412,4.4643590086988665,1,52,11.0
d10b6093,0.7591277090532956,-0.4843489812177472,1.538276710806026,-0.03375373354297562,-2.824088194399866,3.50911763895735,-3.353402109757615,-2.682657005045979,6.433649967457031,7.848952676265902,-1.838432657871302,-5.945570266185555,0.04025529627876828,0.24390597954321377,4.077915101678248,1,53,11.0
d18b809d,4.085044484402816,-6.150581779581907,1.06807212383492,-4.299445575689316,0.1113527384179602,5.799459554680989,-4.979379083730525,-5.054790179851715,8.45319215453916,0.3409877873989882,1.046706573959247,3.602126784844268,-0.2197890443333467,0.33522879860207366,4.694577214939188,2,54,7.0710678118654755
ffbf60c3,3.990356460973254,4.99875356664384,-1.462888457212602,-3.952074610232108,0.02385496499039786,-4.441134243787327,5.875093426211971,3.064694789592261,0.8578403217862103,3.868474532222955,2.839837776744272,-7.558652912595181,-0.2461584870266171,0.6753463012781618,4.239731164024083,4,55,4.0
1995b9c2,-2.945364269378488,-2.115707348513897,6.212715475260208,-5.399129400470311,0.6734286886465374,10.55157943996556,-4.182545909449072,-5.894609708281596,7.661509440439255,3.842922292904822,0.840623335855504,-1.947398229129876,-0.3000487249480144,0.6081686506540539,5.38057639457849,2,56,5.830951894845301
2b6cb11d,3.915003931364302,-6.369590400194052,1.047382372821001,-4.209325142551247,-0.5066935883908487,4.417126606606592,-5.443584419874417,-4.809447061626504,8.016255365776322,-0.2528944654055655,0.10793093882195,4.842705629891845,-0.4679939422833207,0.06290581393661492,4.621941453287935,2,57,7.0710678118654755
f5d74bfb,-3.139594858047768,-3.096781665982272,4.703422981864929,-5.263806945973006,0.2325629625577383,6.608474741232145,0.7096949907915904,-1.414073547606396,11.77094110168835,-3.706475418777399,-1.657780284732159,-1.509125341459509,-0.4833200587428955,0.353121559629687,4.9665117626404,7,58,1.35400640077266
f067b9f5,3.990356460973254,-6.956946090927904,1.091295754440888,-4.509488081948161,0.1917940050415633,5.485259318108247,-5.456802191502236,-5.096905094145193,8.13547216638652,0.3758380603308375,0.7395703609875418,5.210028708191432,-0.5267436319787893,0.2666227813280658,4.907266521025614,2,59,7.0710678118654755
89c29b7d,-1.390714038374665,2.513900867480231,4.724026681471431,-1.500245019572247,-3.249839329613744,-5.17568790046229,9.115506914588588,3.425813890667557,1.565386157859051,-8.182148363220175,-1.660097332922128,-6.622436484718238,-0.5734006360316934,-0.5363778297347194,5.0231914343178765,3,60,3.3166247903554
3bdbc3c0,-5.098202558249318,-11.52117611699832,-1.748276062714872,3.57728809312124,-7.62952105151661,-3.025886120048763,0.6921566296998201,3.276905704527077,-4.7966026931838,4.506210640541924,6.141404466837366,-3.281685498157276,-0.6247143531814098,-1.5756153805117947,5.352775594022165,9,61,1.0606601717798212
d64f73c2,3.134804565087807,-6.66294832827054,0.544059061439145,-3.15911971326241,1.524256682968901,6.444437029779739,-5.359722956731794,-3.81096550545838,5.696182791940626,-2.446970514067564,-0.3894346188633028,8.005964213732707,-0.7030173282798626,0.2933785590245779,4.798205788698989,2,62,5.830951894845301
22dcdc75,3.607439812625474,-6.354900166565934,2.139404171435084,-4.419905245772214,0.9482076038188424,5.925592061111028,-5.578321114279099,-5.209238290539856,8.07287206490116,1.037592110966457,0.6243098483282475,4.63010325998327,-0.767287538549837,0.4519296763343715,4.8373654948365,8,63,1.118033988749895
dcc4c022,0.8301485637975461,-3.566657423568399,2.531188222903215,-2.057720300384521,-1.425925205506019,4.578841205612893,0.2105045945945641,-1.54722726295145,-1.36368123283046,-2.188797691456204,4.256415401651871,-3.214631416345054,-1.018754582369496,-0.24646187870683486,2.76111077609146,10,64,0.4714045207910317
644389bc,3.905078321023235,-6.934159885379533,0.729880673348851,-2.114472838128319,0.001574588124295675,3.897772077582178,-0.5557198287553325,-6.760035433226485,7.51598390780053,-4.337715886173534,-0.8909688444861972,4.590157063014942,-1.157129023231476,-0.07938550710461412,4.5390127107926554,1,65,11.0
1374c1f1,4.787441558559975,-7.487028863231218,0.723553418075434,-4.43960365093792,1.11680675236993,6.061135790799115,-5.80596306060003,-5.759921857948719,8.202354308531834,0.4891249915670206,1.134583534352704,4.471133750393631,-1.21834459122536,0.2911347226609799,5.15097874564207,1,66,11.0
1cd83ccc,5.647893881013224,-4.442582346564029,1.240288116654334,-5.064628625424654,0.1087648386624619,7.31219510662645,-5.506001586148151,-4.145336432961026,7.067114817685537,-3.022655224787457,0.4026039261251843,2.987493500028576,-1.337916307413554,0.21542916424253755,4.742599619792635,1,67,11.0
d562f28c,-0.9865701528023343,-2.055356744869675,7.028453032759381,-5.125612646845888,-0.9567074097687017,1.190259526792259,10.22490272431096,4.955871034454582,1.397241967121071,-3.251697068039331,-3.760339122861203,-8.025339578443775,-1.608210175103181,0.05292546348394541,5.251394625535229,4,68,2.7386127875258306
31bb28c9,1.931948756021609,-4.708132798390865,1.228340374139077,-2.900584885735559,1.593721065304645,4.833639868164017,-4.609012081510184,-3.684101622182482,4.508513990793377,-0.2656675363103556,0.5928344314268434,5.639349324096746,-2.003646285283003,0.3467374071514056,3.663692135358157,10,69,0.6324555320336759
6133c0d7,4.336517289770041,-5.189451679027934,0.3348156595658592,-2.969112464461042,0.1191930915204077,4.782933006334449,-4.5452797069048,-4.00771118930219,4.968591754208693,-3.020278232221624,0.3737696797347859,5.651341792831007,-2.003760068267457,0.06961075017063763,4.046364221994347,1,70,11.0
b5188797,-2.583523202144833,-2.544765990102945,-2.866751664359237,2.075355745377036,4.071446114841621,-2.101747215386747,4.953087674974634,0.87999289742194,-2.76146847074178,3.687777868002418,-0.161211722785002,-4.379124272602366,-2.222768255748727,-0.14424435312543826,3.193113721553559,3,71,5.196152422706632
c3b8d4fc,0.3501451070667781,-5.876149477080373,1.861394546587634,-4.66806370390491,0.05012916215860561,7.251358671458324,-5.031952305085267,-4.244014986108656,8.153117744683236,-0.5335447376366047,0.6188250094712213,3.492344488006418,-2.297016136534687,0.11863245996803373,4.622010530917777,2,72,7.0710678118654755
538b0bb5,-0.4677676196152656,6.04876560628416,1.350174142066576,2.16423814027088,-3.337831469982217,-3.954971667929498,1.483433251557428,5.004600258820853,-5.40913879987343,8.525335719060742,-0.3479104973659961,-8.160762853184792,-2.362944156790434,0.24151368417578656,4.911045658414372,1,73,11.0
b875c91c,-4.08360685615432,6.225884153803599,-1.61669660092235,4.080109406655176,-0.9781271216116939,-5.778938232087826,5.40321083896277,4.99325162919614,-7.890070318082535,-1.634409148615174,-0.9396647895428412,-4.619866399291061,-2.470667076184525,-0.5699102864741764,4.733167818883103,1,74,11.0
0102b20c,-1.624262416535153,2.754844992269819,2.880914552617198,-3.487429778434421,2.961852453489717,0.0898974942657042,6.140459710831775,9.470318919080015,-4.364570753996214,-6.875024284229368,-2.471296107835272,-2.3594595956399,-2.742338036153232,0.2596870988236583,4.710169018326615,1,75,11.0
1240bcc8,-1.030888335687971,-7.177829094813968,-1.416343725083667,3.22858494325784,1.459547145077187,-1.70867015258079,2.289559628121782,-4.153832086034067,1.100929270545576,4.841225803086312,2.440655440752268,2.501425583965843,-2.91564172934392,0.19786370171719528,3.423895022040139,3,76,5.196152422706632
c8f498d2,-0.4152938608910143,-3.073207015879307,10.06976928416727,-4.092163940698444,-3.051852519443984,-2.241098201705157,11.66750275088959,4.152798288344135,3.257226208786089,-13.49130951352106,0.7736406607110204,-7.131509266123639,-3.047878638882563,-0.2979580937803749,6.9967028563772695,4,77,2.7386127875258306
5c0347cc,3.862926971410463,-7.958079487124739,0.8242328775138501,-4.291641427632975,1.846149125501662,5.445272232038731,-5.937037205842414,-6.067630332916576,6.928713952416454,1.41464323312801,0.4777383258588614,4.42401984454011,-3.120582533727325,0.08077567574095308,4.974523881205416,1,78,11.0
9078bb5f,-4.232387646480711,5.795248329578418,-1.484261042057184,3.872115746643083,-0.7396331665894732,-6.197344146175486,5.098662514416485,4.468744670646342,-7.936271353837724,-0.1426237436925621,-0.7607877956949786,-5.221157143783366,-3.283162545628261,-0.6233078980855965,4.669011588382128,1,79,11.0
bfd7c457,-6.084562450415953,-1.314953408007749,11.44558998723699,-6.185977480688955,-4.277419472457227,6.913670339673379,-7.634964859079259,-5.012979716029948,3.411206709324303,0.4924373648756169,4.341021038814775,2.959397704007735,-3.657916232198031,-0.0789611868955243,6.007140939529343,11,80,0.30151134457776363
656bb49c,-0.2965892857989638,-4.666727940535957,2.619599355507615,-5.041970848552049,0.01452303859443629,9.450643002731768,-4.138659471481224,-2.972987752547026,8.089819792532433,-2.004686771661536,0.4715700653808093,-0.9271761742542434,-3.685595518504098,0.04977975082633846,4.670491109153953,3,81,5.196152422706632
380c6343,4.072510502609438,-3.086290412423316,0.3492056891592534,-6.453552320674778,-4.491675854384662,5.006892121476867,-3.841718714243811,-3.244275856448135,4.801571515383141,1.649473872613438,3.157893352686713,3.102860846295819,-4.037372049126876,0.08524122850416398,4.08653840854368,12,82,0.0
c261b5c3,-2.343678314407863,-5.741961919636076,1.400361086593115,-4.360352082231936,0.621192400177046,6.324061105398677,-5.193233380742766,-4.555129875145044,7.997870878295132,-0.4477792470489534,0.6072174857788769,5.062693191634434,-4.277355007042329,-0.052394889277946444,4.648247213594272,2,83,7.0710678118654755
c674f84b,-4.607617764380528,3.57369344023649,-1.474774746465096,-1.920851573227932,2.01299368845619,6.477006229255374,-2.87676466689883,-2.751337192176643,2.326451027978942,-6.140593235247315,0.2348988996472029,-0.7215187722894153,-4.311691155248152,-0.48903455542596336,3.5997551823993397,9,84,0.6123724356957945
78cc44f1,-1.529378334575995,1.512607377957756,3.737990332211654,-4.970399855795261,-3.116457152815883,3.458742716752465,-1.91785583631614,0.9881448133253127,5.082604756123924,-8.783439736162967,2.027516902040739,-0.5734906108071216,-4.326242332237098,-0.3402845523384596,3.9962040081596277,1,85,11.0
3900b673,2.419240208863456,-7.316543615618119,3.963208128736528,-4.532326105800242,-1.784651072536745,5.647637244297921,-4.373388619898738,-4.98744660279245,9.52874512654551,1.060198650648809,1.656033204390556,0.07983252666077698,-4.407311680877481,0.11337825612477194,4.9472769215452415,3,86,5.196152422706632
515b11f9,4.075940685910934,-6.346560166264703,-0.7505999651099244,-5.962642181321372,-0.982732882985092,7.506424404074028,-4.783651745365324,-1.281116791571833,6.32088956767427,-0.6120900330158778,-0.7249547927534554,6.659631772426081,-4.420286928418447,0.2598781559748111,4.854608776267987,12,87,0.0
2bc96665,-0.2204439842062725,-6.970843307939525,1.707329729261383,-4.428345763681063,1.272716672376432,4.144915850715075,-5.279829193898093,-5.260315398810061,8.231909781131895,2.25399178826906,0.7973482218283745,3.467545482113917,-4.519711240655135,-0.023668343569906398,4.582693270519514,2,88,7.0710678118654755
4b556c23,2.161837795583751,3.358187302779796,-1.185041630029126,-0.8327284810601144,0.4305171901119887,-0.7906739264424182,3.479588385845085,4.494442696116598,-2.344742831373971,1.653946056567889,-2.312798881605156,-6.673968152507787,-4.837893001144644,0.11988046033221145,3.1495825981618446,3,89,5.196152422706632
939398bd,-1.149212094466803,-6.785596492821798,-1.438768819986266,-1.31084385174509,2.885575366939237,-2.279043183620797,0.622516585485091,-6.233036714768915,2.605354567136764,4.391630782770602,-0.1553486643909733,3.146598030892554,-5.083091103118241,-0.4750145407146995,3.5317272635095347,1,90,11.0
4cb8b66c,4.969635574859817,-5.502839181599069,2.773236055199244,-11.42680591989904,-3.620143978442501,8.977614225504094,-6.534074055649764,-2.077231814010725,4.413575388312152,-0.01729695379491345,0.5700101716406804,5.121813571867505,-5.293572140157417,-0.19604224300104334,5.87390149077028,9,91,0.7453559924999299
c34d255b,4.090803343027097,-5.260655056582081,0.6345475640687349,-2.827315045942842,-3.353202989363792,3.351766722773539,-5.518299214665316,-2.853680521056381,6.04675123115159,-1.021734908926878,1.095334580477669,3.338826163077827,-5.480124083174367,-0.18973817766340276,3.854178459089296,6,92,2.449489742783178
0509c220,4.323742930115175,-6.10986041151148,0.4128510225699735,-2.34331908061303,-0.5265600108966602,3.850274965857711,-4.036836137064935,-4.572288765846046,4.900295819491387,-6.307976854844775,-0.5457077656582355,6.086520401574952,-5.487553221686732,-0.40573865723549685,4.4020863148390585,1,93,11.0
856618c2,3.597326621511055,-3.230408311774057,-1.541624892324007,1.122444586201835,-0.7828746936699984,4.083921019083502,-5.117168534567021,-4.99226065859448,-0.7557599770979618,-4.591256533056461,-2.186938061132909,6.449938088730479,-5.550092178772608,-0.6620551122241686,3.7921878463073218,2,94,6.4031242374328485
41c16cc4,-0.2812325626638741,5.474413361259427,2.961015802813886,-2.625701303287722,-3.728386481944899,4.541804290653743,0.1433570382974932,7.973831919166344,-5.087142756479306,-6.610057181486215,-1.986762118042615,-12.04122349711613,-5.708332891746449,-0.9388402907358224,5.655043809026797,4,95,2.5495097567963922
bccf94bb,4.143408752622717,-7.68539073920415,0.6022512122520682,-4.509017509434162,-1.077659075762645,4.885728302345682,-5.748546177190599,-5.365710862778193,7.697357171221819,0.3660634486448107,0.5646607684423077,2.826305310091027,-5.874998628155864,-0.27504578322910983,4.772817824412602,1,96,11.0
8c13bdf6,1.000907272313622,-3.764452335191818,0.6931614383476566,-0.3235134224181987,0.5688914048510273,5.61252450624123,-6.869171575026807,-6.008858790638721,-9.701020719151924,-0.4480093698553397,0.7812556756470904,9.091996703556557,-5.981975382176237,-0.7805241009438019,5.232318161143215,9,97,0.6123724356957945
203bb693,-3.960143734958104,-3.471841919382881,-4.439659097395152,2.551842447668986,-2.945924081899487,1.125986383662765,-6.380039716578411,7.502925917528588,0.9658826884417002,-5.373817853441199,0.600899069555821,7.125363771836783,-6.103663566481754,-0.5582105104133829,4.652541477617178,11,98,0.30151134457776363
169b45f0,-2.228568919467655,3.09997469642621,-3.705321498688697,1.262078131464242,3.263304538183427,-10.81149747747083,3.181545720027981,3.585734027147585,-5.478581210421578,2.279950104488065,-3.264867224401756,-2.847889799372749,-6.21434611253137,-0.9720115760071465,4.503141811063238,1,99,11.0
b6b963b5,-1.390022084423458,1.059412495703075,-2.06042464442714,2.580100383445724,0.6221920189870337,-2.467436449607933,3.917099005425991,5.809291585053576,-8.142401415686448,-2.600569657759265,-0.9471487923193563,-5.447684235122677,-6.806813556006833,-0.755632649227573,3.8883033473081756,2,100,6.4031242374328485
2f030cc5,3.008064774801572,-7.946352672057867,-0.526424498736343,2.189798474777058,-3.254371576917731,4.017219181662561,-5.689715891405451,-3.389233311863486,0.1555109487253109,-1.793121285882876,-2.801579160262818,6.866067349182497,-7.030375649752244,-0.7636781389981312,4.25426856130125,1,101,11.0
47dd8149,-1.925469805092344,-6.611604080353763,2.745857943969436,-5.389904546793609,-0.2791841149113406,7.846941429104955,-4.713678924232914,-2.610114811993467,7.871370638266525,-4.961126940813434,0.3331501463728233,2.315789401080516,-7.058069324516376,-0.4481644721163848,4.902043732801222,2,102,7.0710678118654755
66752bbc,0.9050971180660843,-3.916377000682162,5.863819986002117,-5.952695081885993,-0.8313231817215089,-1.916369413214986,1.103085476205708,0.106475761396299,3.197382741374961,8.631399301012737,2.527643614672149,-11.61736794480183,-7.149803377473365,-0.1582690519647021,5.371167294571803,7,103,1.889822365046136
90d29bb6,-0.9183859655145161,3.744288832474065,2.558515012316278,-2.848452619922201,-2.724689665316738,3.067063408662355,0.5458622848888408,3.457639503443818,-2.141056154613111,-0.8388285399841957,-1.714595219429125,-9.986270899780807,-7.229009866864467,-0.6499091685646113,3.8315849584508737,1,104,11.0
14cbb019,3.990356460973254,-4.845983020051237,1.294987717779948,-3.799312748871295,1.01111023023823,0.1320834474580518,-4.876813115028288,5.310043539589638,-5.445170940549406,2.104734293043379,3.631815051064836,-8.468120548677595,-7.52820537989977,-0.8300224694192071,4.464502586225249,8,105,1.118033988749895
60b1d9cc,2.039801247807366,-6.925316317235122,-1.102859581941708,-0.1486190519808548,2.871987890740754,3.958019075801291,-8.258030975148117,-6.1472574069246,6.117547743196234,2.981416061306037,-8.517360387334104,2.856027375880336,-7.65387223483425,-0.8562203604860407,5.23515610220286,11,106,0.31622776601683794
7139c8db,-0.6142929438168666,3.812133801612538,2.356417451433575,-5.08887969492298,1.818031564762166,-6.148575886581551,3.334845287901497,7.49562983043275,-9.010539975930584,-3.286583155859433,3.714879600068253,-2.088474689479552,-8.370654806458802,-0.30878406753168236,4.896978185251883,5,107,3.1304951684997055
c53b3306,-1.99055746024396,-7.523597456692563,-0.4238670900917657,-2.626980265241817,0.8647830267101508,6.179077226892786,-6.52035913427723,-5.920094491989319,6.277338435881561,0.4445919905103195,-0.3443734463613414,1.314745818073155,-8.373467089152966,-0.8557744039025019,4.439497974883766,3,108,5.196152422706632
5fbf807c,0.4446678413556789,-7.605585571665187,-2.73845327474209,6.176589735450619,-5.696707267379945,-2.800785201814043,-4.454501088940944,-11.72162561953941,0.2360440809964854,5.656568353055333,0.9909080850000038,3.705539137012696,-8.452183456798926,-1.4839450659342337,5.406799532182526,1,109,11.0
91716b78,-2.460884842874361,0.6000674724981896,-0.5665480215760923,2.863632155687758,-0.8082475729606374,-3.81622013051026,4.361266082141173,4.408432834322968,-7.070143250685574,3.634948908670688,0.4947568600801517,-8.963904893314744,-8.611907319777679,-0.6102370332100616,4.347795749607938,11,110,0.31622776601683794
5c7bb709,-9.745976517231258,-6.609241130010483,0.813606447401018,-3.818858236384377,0.3337430034366969,6.618895372134638,-5.112456614487925,-4.73020889753618,8.006679792242533,-1.008948273539422,0.1019134628054475,3.047266312321193,-8.79756504503371,-1.0086321065706765,5.296294253260207,10,111,0.4714045207910317
dfb3c499,6.114717679201513,-2.873721652370739,-1.273821642538809,-4.407177946912018,-1.503052351932381,9.810885610083341,-4.688562342408893,-5.397598853578238,7.355103037000334,-1.348823645421884,-4.457501303421036,-6.948681991337899,-9.058045025565098,-0.8015196169697258,5.499457670413945,7,112,1.1338934190276817
3862cc83,4.285076003264026,-6.088037597830456,0.04119964229118945,-1.961841611525248,-0.7612306922958243,5.988908613047911,-4.911315489971881,-5.002316240035659,3.158542726076552,-2.240104823225472,-0.5686767615871693,3.050968582211075,-9.204031444573223,-0.41740230413174634,3.901082044925505,10,113,0.4714045207910317
84d63b80,-0.3384805187535336,-4.914739286177583,0.8626166050407807,4.613794612576943,-1.723633102581098,-1.699565977638712,-5.05817575051527,-3.695696637125145,7.649951091694067,4.088742284526513,-4.806389768650309,-4.019528412287453,-9.374455188111577,-0.7534254049908998,4.25429140492022,7,114,1.889822365046136
96609938,2.440156423524304,-7.266959864735845,0.470127873467481,-5.581810332636955,-0.252958224526793,11.06695684001415,-4.815986258673533,-6.047135334982101,8.032730834393012,3.568333156871015,-1.496353493179581,-3.559992836494172,-9.405059854683802,-0.28690760141325145,5.749516850112434,3,115,4.654746681256314
b681845b,4.426475166221808,-6.320450313154192,1.596824982320565,-4.428188972957297,-0.7454933870485888,4.987734873094856,-7.582454806673495,-5.963526615779066,5.871555746441185,2.332673874168271,-1.439095403121117,-3.422432279408218,-9.475612756239576,-0.890531427991274,4.713375842812717,2,116,5.385164807134504
c47b9db1,-2.807587347866281,-5.704315022128184,1.380639923044142,4.667393553991638,-1.033194506815305,-2.097074814500349,7.25443419458268,7.576157115968177,-8.165026899852316,0.7767529278772946,-1.268743233171208,-6.630276063191915,-10.02853420869382,-0.5042366810051356,5.129175863757622,9,117,1.0
db442696,-2.628426837909839,3.881756642023023,1.081213626803766,-0.1144921113088896,-3.863620296594346,2.803073295602674,5.023886073332728,3.653726238987946,-3.629337438300138,-0.503604540222932,-2.162411473845482,-9.745241512828324,-10.19629224731782,-0.5169565278549845,4.203864636517575,1,118,11.0
07c9170b,2.143778627797118,-6.115160930829407,-3.657996863396407,-5.059172922039888,2.005306346660605,-7.902637130962127,4.86933340976914,4.578558379288023,-7.009061768485864,-0.9928305139449687,3.02145614653663,6.938387001807325,-10.43775937852518,-0.5983366848166519,5.180388480112606,12,119,0.0
05cd7224,-2.906161172377297,4.581458840258944,-0.7728449289676614,-0.294340303046127,-0.967557532165385,4.762001205006856,-4.825236746071987,5.264023951989221,-6.715814655322363,0.829685610852766,2.145401620366055,-8.208246947403655,-10.95626049921615,-0.5923025880733862,4.454659325103152,11,120,0.31622776601683794
66c4f4fd,3.038593452532912,2.031915743255928,-0.4165936538168392,-4.015192939155797,-1.75812029552201,2.352317821253133,-2.069866244054849,8.903300072653302,-7.79867414194844,-6.193572420632607,0.903042482535001,6.222368973526299,-11.07432290562355,0.09995990421883623,4.8657210640699695,10,121,0.4472135954999579
7cb34dbb,3.929433831940797,-7.690334638852627,1.338182740750236,-2.891174427084944,0.1311757448230646,2.939202766221427,-7.373288899944204,-6.116383480292053,0.04018862818176434,-1.152006670907269,2.775170151910181,-9.99641139019081,-11.07467750691769,-2.005520470287036,4.727638003739177,12,122,0.0
12b14bfc,-1.051269444129916,-1.091667294121977,6.107397637281776,-4.569814895018438,-1.589584922375009,1.406598382061988,-0.5532092565701208,-5.36237349695838,8.279947092932428,4.094213655840595,-1.848060060375591,-7.761270830922751,-11.13137060207768,-0.32825778602961625,4.687764832433207,12,123,0.0
20fbd380,4.052070685344614,-4.626282222052632,1.920944988867588,-6.560397752882982,-0.8111006583093113,9.751952565104347,-4.208926299676668,-4.113608555410843,7.73625484295261,-1.733382935589398,-1.608746003233572,-4.755634403858291,-11.24211245925341,-0.41307131239537836,5.230650526114002,5,124,3.1304951684997055
dd807d74,-4.649308220831807,3.31854653868129,-2.406023532330941,-2.256901226905366,-0.8362621687242173,-4.13778898439228,-5.676339182799238,-4.072137464995936,7.150951122716605,-5.558250608123226,1.785077250110753,-0.1130977718806997,-11.26973698339828,-1.4542945207895885,3.9310535903552726,9,125,0.7453559924999299
f4767b9c,-0.950459582016192,-2.455300231401906,2.169643088125544,5.638260387150293,0.2049212074383217,-1.872005443700503,0.7362092032939824,-4.982625808629052,-3.180539309865924,-0.6742071304945931,-1.604407482663959,-8.696408290429646,-12.12115079348069,-1.3055766160994695,3.5759528604718644,11,126,0.30151134457776363
611c19d0,-4.012511995079129,-5.972217322696254,-0.5389575784294872,0.8071871897442838,2.48311371621377,4.698262994492596,-4.517279297086198,-4.12560982060987,3.764795442828208,-2.12269490745097,-2.204027120714648,7.539630360571297,-12.60080187384221,-0.35002569485136664,4.235013365851431,3,127,5.196152422706632
190cb995,4.28229050389218,-8.16005352950003,0.7112914614636671,-5.666777909569981,-2.242201889443761,6.274723741309508,-3.703583575640572,-2.79176114446192,3.708379660158919,-0.5808047063468723,-1.661881187473494,-1.797447682487191,-12.8329472629066,-0.9689855215082955,4.180776001136547,2,128,7.0710678118654755
6f6dc500,-0.2568680025877296,-5.972217322696254,1.214532036337562,-4.138886891126112,1.030790468187643,-0.1128794170879387,-3.4863040690186,-4.058827627000354,9.57811606611955,8.403041066044707,-5.650620373325686,2.640018290918932,-13.03436323632608,-0.0675088146028564,5.092226041521885,4,129,3.1622776601683795
bbf60ff1,-3.149495603774091,-7.682922181880294,-1.540658426252904,1.061317669336794,-2.014010330403936,-0.3849772292064907,-5.609535038515634,-3.331000909389674,5.95189252757319,-5.786563260457878,-6.003482081931682,2.448780240452263,-13.21196872193497,-2.1700545520375285,3.9732234975081857,12,130,0.0
b42b1297,3.015581252270644,-6.974745109541352,-3.28594467649616,3.9615552343964,-0.7075687964706018,-4.479102656533742,2.791493473860882,2.610606091039447,-5.335443443777837,3.933678105280555,-1.332994106320511,-6.554425190872754,-13.27179392514035,-1.029775818597086,4.214215664327665,4,131,3.1622776601683795
98669526,3.023593102326612,-3.418390829674058,-4.346473854150884,1.82108812044998,3.661004301022786,-6.642885218609395,-6.978873198209777,-1.143880183331303,-0.09123466793968639,1.16612248537839,1.397787379077843,-0.7875525004302708,-14.42135315674886,-1.0283079220074804,3.5908080282647417,7,132,1.1338934190276817
c9b02591,1.907972254776415,1.179941824626884,0.4054409496253936,3.493215846993304,-0.1625221223308084,-4.07863956789234,-5.54847489135593,-3.503530105659048,-8.456562798845018,-0.2553610929830156,-0.728506753769873,7.368694122123501,-15.22305160061464,-0.6981943612242114,4.239199169224498,10,133,0.6324555320336759
b974c16c,-1.41727045798882,-1.847319950812784,0.8730492766522654,-9.838024300764483,-3.681926848978612,1.787617153529287,-4.066716415292465,-1.570714996595224,6.450906004439164,-2.392915957932782,-0.08008736188666406,-2.91984282171898,-16.68713090517054,-1.5586038897791745,3.8782476158875667,1,134,11.0
921f735d,-10.72201529827479,-10.84226126213984,4.133311804218745,-2.244845917012118,-0.7574030520567727,-1.599328542754416,-8.262113250343267,-4.752966804386458,3.591957292701893,0.0538144420274327,0.1844716899202019,6.035509491139219,-17.04576540299699,-2.098489117246681,5.601518786554344,8,135,1.4142135623730951
0db5fc0c,-2.229015635341129,12.79548230214577,-6.114574914121208,2.229249677930116,-2.515482577192627,7.567033645006909,-4.595677751927989,0.1016095478980137,-8.905725386577481,-0.469693597372638,1.757053182328509,-7.445681991031103,-17.41981452758869,-0.6521186248545717,6.2429855645992545,12,136,0.0
47dc617b,0.2836202442005989,-5.972217322696254,1.214532036337562,-4.493768183748576,-0.4014462374781243,6.557444873904335,-5.076496860972603,4.359986953206145,-7.713648761549947,3.413952640095377,0.4882004697395629,3.412069430481961,-18.17401529115935,-0.3273142265399969,4.543814995275345,10,137,0.4714045207910317
86458890,4.322958063346378,-6.169693866638154,5.461387833208336,-4.417968158679608,0.837836606285632,5.141314582346442,-5.424003103032199,-4.679649312624329,-16.02845613289849,0.9369279873018546,-0.4225741950856471,-6.577767799940069,-18.28104370416452,-2.2516406247008214,6.215439090098139,12,138,0.0
0b1bfb9c,3.048162264676729,-1.302701089160262,-0.6689309998108334,-6.297724222286356,1.857542423740488,-0.5312811692876294,-5.740656808186947,5.434081577362491,-7.028027345213086,-6.605361938736659,2.86988877711786,-6.577330025882382,-19.67177194137891,-1.7951948796388824,4.504170186880582,12,139,0.0
f743b142,-1.053566351789944,-3.090626857403239,1.72175245785829,-2.786889630266444,2.750234933309475,-4.143507803743442,-3.258576522397534,1.466178434300601,-7.951579501422063,1.523275956653013,2.83538439548361,-8.348299839840653,-21.14191043826079,-1.6946850274381944,3.904678126826273,8,140,1.4142135623730951
5f3cc21b,-9.213376704787695,-6.669606965160127,-4.002043337129331,-1.816104112372842,-4.52514971424413,0.08856339154867586,6.217311682198653,6.144089694497156,-3.230617121866084,2.357635204263062,-3.277758679371441,-6.235026517233439,-21.48702226592866,-2.013506931638129,4.885397954775477,12,141,0.0
30c5c41c,4.034016287002486,3.011059397081382,-5.424075556111161,1.048515025727851,-5.284844491353594,-0.4579251661381096,-2.690273669125016,2.445074566269993,-10.69224726577181,-4.650704161006289,-4.684987608311494,-6.901857771646244,-22.01307855384184,-2.5206875344485007,4.537786273653077,2,142,7.0710678118654755
b4977cb7,4.174752139883203,-5.71146055780238,1.349629058955971,-0.8820858326412411,-0.830986344835607,0.9860807112736235,-1.291062912405986,0.5658701748077755,-6.063398244943752,2.136359066544377,-0.3345407103405767,-9.481260589474008,-22.60984850910678,-1.2818420034148834,3.907062117016152,12,143,0.0
2ddbfd56,6.992090166079948,-6.3950199167292,-5.715570594146875,-4.146203229213822,-4.305313535991304,1.5752080063126,0.1621485824931582,-1.852819812095546,5.549535796372488,-10.24965589906634,-2.179103890354794,1.969196326404528,-22.6639856666881,-1.5496256666612631,5.043299212779805,12,144,0.0
c29fbf4f,-2.464452095253761,-2.943447323431385,0.1213739622002819,4.767677978780361,-3.660660790693424,-0.5645213964458211,-5.272997107254333,7.339086341072321,-7.274314162559318,-2.404501713953052,-0.7046164737816234,-8.636699962097115,-24.07771669668274,-1.8081727286180724,4.546938851481842,12,145,0.0
b4264c50,4.785242173166565,1.316493347190082,-4.114368159710124,-12.70415498756396,-2.255186549940454,1.810889386227011,0.7194212207064165,6.611072593990472,-4.457475588841159,-0.5307297464777558,-0.2566891171803458,-3.736529233978847,-25.61695089397816,-1.0676678885343414,5.009478626803456,5,146,3.1304951684997055
bc8c2b83,5.299981106847465,-6.148821734782728,-2.200051646940679,-2.660069623776661,-4.477897299079723,-0.902113813035919,-11.01368513723813,-7.235986617484373,8.22911662067258,3.534875850280046,1.852774365579772,-14.82057119787926,-27.32725672293907,-2.5452040939031346,6.727820036333912,12,147,0.0
dfcb064c,3.990356460973254,-5.972217322696254,-10.19344221239934,3.357217815809975,-2.090093077615106,-3.612771769944544,-5.272997107254333,-4.834453883606936,-7.671264566182136,-0.01729695379491345,0.5700101716406804,5.121813571867505,-29.18380084818977,-2.2187615727668457,4.877557155942725,9,148,0.7453559924999299
